SqFt,Bedrooms,Bathrooms,YearBuilt,LocationRating,Price
630,1,1,1985,7,454690.91412354715
2403,3,3,2017,7,769631.6532852193
3545,3,1,1965,5,827116.7774262398
1963,3,3,1991,1,409737.53392818413
4493,1,1,2006,9,1135693.6923729538
4588,5,2,1953,10,1286819.5747677742
4812,1,3,1962,2,846808.9096218576
4837,5,3,2017,2,931081.519981452
1719,2,1,1968,7,646949.7950778578
3416,4,2,1960,1,649208.942375963
1187,2,3,1953,4,427483.94366849074
809,4,3,2010,5,456507.53594560525
3105,3,1,1951,6,835223.8454852643
3929,2,1,1998,7,976589.8957776561
2013,5,3,1954,7,744117.6104509848
2232,3,1,1998,5,643401.1305831996
3312,5,3,2008,4,790009.7227108887
3070,5,1,1950,9,1019633.7296940922
4160,5,3,1968,3,864013.943906978
511,1,1,2010,7,437783.41354828683
1601,2,1,1971,10,778352.7917695255
4495,3,1,1958,10,1227366.2052857263
4520,3,2,1989,3,873488.8769469712
2790,1,2,2002,3,579289.0152465352
696,2,1,1999,1,189281.61041026772
3707,3,2,1959,4,813634.7678030238
1925,2,1,1970,1,386785.2539688939
3236,4,1,1950,5,825646.733525562
2653,4,3,1992,2,579141.8004197434
3880,2,2,2002,1,680935.5995720909
2227,2,1,1997,8,763861.055297494
1037,5,3,1999,5,497277.4198352138
2061,1,2,1971,2,429725.42952731653
525,3,2,1980,1,196426.70775832733
1354,4,3,1979,5,535359.706945729
2558,1,2,2018,6,693734.0917408796
959,4,3,2010,10,725305.8475285617
2503,2,3,2008,6,716963.9117559134
2410,1,3,1978,8,766125.588393685
2860,3,3,1975,1,528292.6362900198
4406,3,2,1998,5,964867.777508467
1689,2,1,1984,9,713607.5207118016
3139,1,3,1969,4,684461.8694614146
642,1,2,1989,9,565424.495292289
3652,1,3,2009,7,927687.7099478119
3024,4,1,1996,4,711786.931398184
4226,2,1,2000,5,900825.1919109661
3334,1,1,1985,2,614773.554033698
1799,2,1,1994,6,606437.9401561584
1783,3,3,1977,4,535486.8902158346
660,5,2,1995,9,651645.6024583919
3467,5,1,1953,2,717421.9990006102
3012,1,2,1968,5,692607.3558116762
2293,3,1,1988,2,494656.7322980898
4440,1,1,1961,7,1047019.0952999473
1777,3,3,1974,2,437490.69533086446
662,4,3,1984,3,331030.1150704203
869,1,3,1976,5,405703.4475446211
2513,5,1,1972,2,609816.150034369
4188,1,3,2006,2,742749.4227780161
1174,4,2,1994,1,296225.2918730468
2243,5,3,2002,6,752146.7740225435
1528,2,3,1953,6,568624.0076099619
4596,4,1,1980,2,883547.2286692407
1661,3,1,1979,6,604052.4535853978
1730,5,2,1956,10,850812.6534296091
3272,2,1,1992,2,618249.2082328821
2648,5,2,1975,9,953217.965178297
1701,2,3,2008,4,481352.1497421781
3131,5,2,1950,7,918751.3079187949
3431,3,1,2021,3,728524.5354337558
1623,3,2,2006,7,654368.4197175733
1555,1,3,2004,10,751331.2944391014
3750,5,2,2017,9,1125020.030124115
1987,4,2,1961,8,784544.1024342176
2596,1,3,2017,3,560766.627983739
3702,5,3,1973,10,1161552.2495565033
4577,1,2,1982,8,1105545.4724121997
4418,4,1,2014,9,1187399.042498126
2599,5,3,2008,1,551827.9126946675
534,4,3,1960,10,672347.6583314014
2253,4,3,1955,1,476959.5591157681
696,3,2,1973,2,282391.56267944997
1486,1,3,1956,6,554829.5904324688
840,2,2,2013,7,520654.5783001358
977,3,2,1973,7,575451.3517751339
1272,2,3,2021,4,428430.17455986777
3026,5,3,2001,10,1046663.0710465703
2302,5,2,2016,9,886486.5533547782
813,1,3,2007,8,553679.8164151193
3081,4,3,2000,6,852664.5389143649
1109,5,1,1952,5,527306.597242476
2115,5,1,1975,8,803587.0065768488
1031,5,2,1951,4,461115.3344257385
4466,1,3,1953,10,1188759.375296889
3707,1,2,1998,5,804103.0346040709
3996,3,3,2000,6,956800.7035689658
4833,4,3,2016,7,1145587.717740166
1138,5,1,1953,8,673078.7827297118
3733,4,3,1986,8,1051823.0618046778
3362,3,1,2018,8,977360.7585970617
2702,4,1,1959,5,723075.4886078767
1626,4,2,1970,9,765456.1921744007
2837,5,3,1988,1,571393.2073726698
545,4,2,1980,8,553425.0127788731
2435,5,3,1953,7,828540.4571967664
4737,5,3,1987,9,1254549.067819576
2827,2,3,2010,2,576503.0225255131
4733,4,3,1977,3,933379.1165933055
4636,5,2,2015,9,1230111.2197338138
3289,1,1,1993,10,1031253.2333929419
2228,2,3,1990,10,872784.0320679806
3849,3,1,1992,1,688306.2321346416
2523,4,2,1954,9,909437.8918243011
3291,5,3,1969,2,693873.6518106617
2112,2,3,2005,6,662102.4585243547
3576,2,2,1997,9,1025493.6112361843
582,2,1,1992,9,593187.1805741204
2201,3,1,1984,4,610354.8775988059
4947,4,2,1953,10,1314905.5238888166
3264,2,2,2019,6,848086.6398410702
2905,5,3,1973,4,726460.9782329245
1839,2,3,2021,7,674887.6520188919
1961,4,1,1976,5,616562.853739938
2503,3,1,2002,1,482059.680474791
2611,3,2,2008,1,516973.24796868104
1411,3,1,1990,4,474596.9050820515
1415,4,2,1954,6,590254.6498269652
3562,1,3,1981,6,852994.1178666169
3482,2,3,2006,6,868339.3273111547
1363,4,1,1958,2,379365.6192776652
4624,5,2,2020,5,1037261.1953325036
2058,3,3,1991,8,776394.7722504563
847,4,1,1953,7,578528.825004289
1846,2,2,1952,5,564472.6291906948
4484,2,3,2020,4,908707.8520743488
1543,5,3,1971,1,369877.7049235666
1610,3,3,2001,3,446890.64989884966
1743,4,2,2007,6,652715.6006102767
3996,2,2,1962,6,933275.9948104478
3119,2,1,2012,3,660426.7987079816
4044,5,1,1978,9,1138362.969078665
4603,5,1,1987,10,1305524.4146531266
4956,2,1,1976,3,930537.367134775
1099,4,3,1987,5,492900.6274597964
3837,2,2,2012,4,811997.4086164165
3003,3,1,1950,7,840843.1299190462
4325,2,3,1955,7,1042240.2113457143
705,3,3,1995,5,418285.9758545466
2764,3,1,1975,6,783202.7425425125
4190,3,3,1994,9,1146888.4516492137
4826,5,1,1981,3,970090.8406545923
700,5,1,1980,7,561048.7109053822
2737,2,3,2021,6,738804.8415438029
2217,2,2,2004,8,756590.568908974
1825,1,3,2012,9,735688.1456970989
3914,5,3,1962,8,1074102.6827531636
3279,2,1,1998,3,668485.9632943462
1219,3,1,1954,10,742402.5321648882
3435,5,1,2009,6,896420.1543180464
3939,3,2,2001,2,749970.6229329966
1608,3,2,1954,3,439907.7666378008
3775,3,3,2017,9,1086677.6207574443
3074,5,2,1993,2,664986.2164761105
1701,5,2,1954,5,607584.286791395
879,5,1,1980,5,473791.597191197
2006,1,1,1962,10,839758.0384369438
3601,4,2,1996,9,1074998.2962484008
4412,3,2,1966,3,869911.9450190723
3800,1,2,2021,6,888519.9445998623
4803,3,3,1963,1,820531.7110332855
834,3,2,1975,10,686762.5104921362
1107,4,1,1981,1,292155.3389681372
2502,4,2,1999,6,756014.316089278
4709,4,3,1950,1,831589.5904733809
3850,2,2,1995,6,909016.4833718833
2749,1,3,2001,2,552434.6002359042
1436,3,2,1953,1,337057.6319925363
2267,4,3,1995,3,571429.8772544911
789,3,1,1958,7,530859.284318187
4990,4,2,1967,8,1243855.3823508553
3512,4,3,1950,7,967236.1178542662
2450,4,1,1986,2,545753.2874767081
1508,3,2,2014,3,448137.7011648667
4976,1,1,1956,5,994939.5024120685
4403,3,3,2018,3,853625.9295717577
4706,4,1,2000,10,1276954.1373067093
1004,4,2,1988,6,516174.3589697212
2920,1,3,2022,7,823078.4974062063
4788,2,2,1974,7,1094723.939490341
945,4,2,1995,2,310873.5720229825
874,3,2,1986,10,693690.8280392084
3625,5,1,2013,5,896913.1944588104
1354,3,1,1991,10,762799.8182099492
2154,4,3,1967,1,463531.7861566117
2754,3,2,1972,6,801938.0694912996
4433,2,2,2010,7,1048836.7561170869
636,2,2,1983,10,624394.0075146911
2645,2,3,2006,6,752496.3793630403
2503,5,3,1992,4,677117.1143179851
2281,2,1,1967,1,452205.5641047545
3124,1,2,1998,4,692118.8220951629
3739,2,2,1995,3,759495.9196023787
1608,1,2,2010,4,461112.174152837
1135,4,2,1956,3,390494.1962765365
650,3,2,1977,2,257184.16197283095
1759,5,3,1976,5,604232.7771206768
2385,1,3,1984,2,476775.1021207807
1395,1,2,2011,8,635872.3266804719
4696,4,2,2000,8,1197335.6906949098
4836,2,3,1997,3,915367.0821123852
3240,3,1,1999,10,1044438.2318317043
1802,4,3,2016,9,810260.8600196316
4782,5,1,1983,1,859799.834456462
3629,3,1,2021,2,704500.1016284709
1052,2,1,2001,5,445530.2143610357
4783,2,3,1979,7,1107393.9445481258
1866,1,1,1961,7,666057.3170016793
2064,4,2,1961,7,736383.3983563967
800,1,2,2011,7,496529.79745903367
3871,5,2,1954,7,1023333.9970618564
904,4,1,1980,7,563805.4436786298
2956,3,2,2013,6,816321.9797874049
2689,4,3,2002,9,930694.6782601514
2982,4,3,2004,5,782283.2809371022
1107,2,1,1988,4,418296.1062200828
2797,1,2,1985,2,538684.6316009485
1043,4,1,2006,8,624113.9097219795
3746,2,3,1952,6,902836.591137227
4528,3,2,2001,5,989128.254877158
1774,2,3,1980,3,460248.30370719294
3336,2,2,1974,2,661358.5632379653
1428,4,2,1987,3,426043.95869317255
1957,1,3,2001,5,565004.6665292461
2076,4,1,1995,1,426107.46859268926
4239,4,2,2003,7,1062983.6614113215
4164,5,2,2003,10,1247269.0875860094
3772,4,1,2008,6,940302.6251928563
4349,3,2,1961,10,1194690.4304467682
2142,2,3,1961,7,703639.305236433
4105,3,3,1952,8,1083844.2891317438
3334,5,2,1969,10,1123356.2035700593
2987,2,1,1978,9,948095.7602484337
4152,4,2,1972,10,1208768.3135849212
4505,4,3,1990,9,1202405.3583424932
647,5,2,2005,1,246300.42739883027
2376,5,1,1969,9,930567.176912719
2255,4,1,1951,7,776348.1078971525
693,5,2,2003,4,394328.0341045422
3750,3,2,1992,2,723757.8297667846
2129,1,2,1999,8,724928.3539530553
1077,3,1,1985,2,326839.6238989712
703,2,2,2019,4,354229.78648077906
4254,3,1,1996,2,802174.2899510677
4973,2,3,1990,6,1079915.8732158162
1635,3,3,1975,1,356712.25962578313
1303,2,1,1993,4,414343.14784029045
3199,3,2,1978,9,985044.1309684151
3277,2,1,1998,3,669756.7543890112
2491,4,1,1961,7,788003.5807483508
2818,5,3,1972,8,915514.6715236399
1290,2,1,1967,10,732807.1186221988
1512,5,2,1956,4,512889.4396672897
2718,5,3,1988,7,843534.0726930615
2515,4,2,2002,10,953988.2563773894
3703,2,2,1971,8,994548.6469676305
3921,3,3,1977,10,1161565.5771889987
2015,1,1,2010,9,772062.5484418325
1454,5,1,1982,9,759158.2800458334
2633,1,3,1983,5,667784.5871176918
4165,1,2,2003,10,1144192.6340712658
4934,2,2,1985,1,836003.1466037183
897,2,2,2013,10,667806.4839627334
1457,3,2,1963,7,630794.222755088
2402,2,3,1966,8,801527.0072539944
3996,5,1,2017,3,847132.5258519306
4492,2,3,2022,3,858874.6791620061
2766,5,3,1984,6,825816.1708428678
3416,4,2,1989,2,697777.8106250599
3353,3,3,1970,3,706817.3679605458
3603,5,2,1952,6,928443.3404429717
3623,3,1,1994,8,1001486.9048874673
4069,5,2,1968,4,912362.1129743537
1790,2,1,1979,10,798171.133883488
3199,2,3,1997,2,628976.3894047106
2495,2,1,1998,1,440516.2532134431
3818,3,3,2015,9,1092255.5374773247
3229,4,1,1973,1,618594.6360785773
1198,2,2,1990,5,466434.28628062847
1666,1,2,1962,9,724373.699087091
1795,2,1,1980,2,410012.0300872733
2409,2,2,1952,10,908013.2031914971
1714,3,1,1986,6,621516.7260492652
2953,5,3,1989,8,937664.5399323221
1425,1,1,1951,9,673270.3650605243
1276,5,2,2022,5,552122.2187884492
1422,1,1,2010,10,733175.8290625989
3145,3,2,2017,9,990468.0598208422
567,3,1,1970,4,346376.75335568696
1861,5,3,2013,7,718878.3876516073
915,5,2,1961,10,743622.1135636602
3942,2,1,2004,7,987238.2695179025
4704,4,1,2003,10,1278009.4232640066
826,1,2,1975,4,332666.22708472173
4725,1,2,1994,10,1206756.3449040344
1326,5,1,1966,7,647994.845098936
2674,4,1,1991,5,734066.954195271
3826,2,1,1951,9,1059613.9144269717
1449,4,1,1982,8,694209.5821163057
4490,1,3,1978,7,1035570.6801258931
1932,1,3,2019,2,395389.01036274637
3398,1,3,2014,10,1032576.873040744
4062,4,2,1971,7,1038337.8646904691
2293,4,1,1995,6,711735.6338050392
2724,1,3,1958,8,836073.7927685988
2491,3,2,1992,8,835726.6442819815
566,4,3,1984,5,418930.76647514175
1343,5,2,1968,7,653578.4332364948
2534,3,2,1980,3,575189.2205644061
3770,2,1,2022,3,752190.1880976575
4249,2,1,1978,8,1077153.9376863139
1736,1,1,1979,9,728481.3327455637
2756,3,2,1979,1,520247.2952811932
4663,4,1,1977,6,1074540.7159633306
2632,4,2,1983,5,725049.4428364651
1795,2,2,2009,3,466742.17133163905
3838,2,3,1967,4,813604.6462274458
3891,3,1,1989,8,1048125.6140286706
2712,3,3,2019,1,512052.24886635214
507,4,3,2010,10,640152.0970562655
851,1,3,2019,8,540521.6481223245
2005,3,3,1965,1,427184.3019514748
4871,4,2,1963,1,850114.8221801884
4732,4,2,1988,8,1185148.2790506145
4152,1,1,1960,1,694628.6024655651
4396,2,1,1962,8,1102341.5144046936
3365,1,3,1972,2,607237.3255233627
4851,4,2,2000,10,1312358.7736929387
3159,1,2,1968,6,774627.0341431191
4245,3,3,1993,7,1031299.1655445676
2595,5,3,1962,10,980819.0511559789
4272,5,2,1953,5,990937.9491644314
1840,5,2,1967,2,480492.46471099555
2876,3,1,1954,4,687867.074338435
3867,3,2,1964,1,696452.6798607187
3612,2,1,1967,5,847129.4579360526
4808,4,3,1957,4,1015734.9132771959
3217,2,1,2012,7,867020.2557110037
2649,5,3,1954,5,750036.2282012188
1771,2,1,2004,7,671251.2693706761
4693,4,3,2021,2,877069.5761848533
736,3,1,2017,5,414816.4957858359
4249,4,1,1977,2,808704.7331524325
2486,4,2,2021,3,605921.4145204934
2997,4,1,1977,7,887791.1832488726
3923,4,3,1958,2,751429.4280365319
4489,3,1,2006,1,795058.1156355195
737,2,3,2017,7,492049.71698399505
1704,1,2,1952,6,578998.8090923402
1904,5,1,1989,10,890781.0624064059
4072,5,2,1966,1,753520.4168633795
2371,3,2,1977,10,926398.9608335404
1723,1,3,2015,2,367209.18999741797
3190,4,3,1994,8,968658.9309850957
1902,4,1,1994,7,711117.164837628
2722,3,2,2008,1,515302.8745923073
1870,2,1,2009,3,469792.3435207739
3367,5,1,1955,10,1105627.2138230123
3692,4,2,1950,7,986351.2579578348
3062,2,2,1996,10,986723.3561087918
967,4,3,2020,6,518211.4369976466
2762,1,2,1999,2,541596.5936143214
3287,3,2,1955,9,1006599.8994209716
2136,3,1,1985,4,577080.0208869827
2106,2,2,2004,2,452832.1488431491
2730,4,2,1993,8,878401.3104856077
1911,4,1,2013,9,814261.0920161362
2594,1,2,1978,2,512900.88403014233
1342,5,3,1988,4,493046.0519421407
506,2,3,2003,5,359222.88599172025
1710,5,2,2018,9,814099.8252268126
3403,1,3,2008,3,678370.5091433574
851,2,3,1968,9,616715.466919914
1999,5,2,1961,9,847722.9161312465
4562,1,2,1986,8,1116801.5526358895
1813,4,1,2005,7,712650.0326112513
1900,1,2,1988,2,391908.9459780867
841,5,1,1956,4,418316.44495018164
4429,2,1,1988,10,1209151.9422409686
3446,5,2,2000,7,960103.2810728843
611,5,1,1975,9,645138.7113875726
1876,3,2,1993,4,537037.4658992317
3042,4,2,2010,9,996163.0349830793
2742,5,1,1983,3,651316.1116464626
1560,5,1,2011,10,827733.8839849746
4550,2,1,1984,7,1064340.1404945466
1864,4,1,1990,7,698656.5641842139
788,4,2,2002,5,436876.9797191631
4523,3,1,1955,2,830819.2049937665
2868,4,3,1961,8,940561.5339614144
3731,1,3,2017,1,657012.4128619168
3454,4,1,2010,3,730884.2477898167
3696,2,1,1970,8,997855.8990184375
1389,5,2,1966,5,557220.8623776888
1853,2,1,1960,2,392398.61780252523
3271,4,1,1968,10,1083840.4683946834
2669,5,1,1996,9,952488.9991573265
3889,4,2,1984,9,1135735.178873203
774,1,2,1965,2,251365.7845525377
4746,3,3,1982,7,1091949.8045748621
3067,1,2,1999,3,637149.5231457266
3798,5,1,2010,2,783240.6325317986
3655,2,3,1995,8,990402.6429818597
4069,5,1,1965,10,1217760.5144225978
2553,4,1,2017,9,929547.3925157398
4746,4,3,1958,2,912410.7920543401
3045,4,2,1957,1,603912.5067972391
3492,2,2,1962,9,1002798.619431506
4736,5,3,1987,8,1211188.1753107768
2367,2,2,1955,3,545669.1975853172
2210,3,3,1954,4,580926.2447842384
2106,2,2,1976,10,866589.7637211226
675,4,2,1992,3,345044.43507616
2734,4,1,2001,6,796477.8294009756
4514,1,2,1955,7,1057605.9259434487
4516,2,1,1997,1,774506.4106668942
2598,1,2,2007,10,904724.220982631
747,1,1,2013,7,483591.0180889437
4599,5,1,1991,1,846189.6222232456
3360,3,2,1987,6,858233.3521964962
4975,2,1,1966,8,1190545.3260117706
1013,3,3,1970,6,519917.05083629163
1788,4,2,2015,7,705152.698056504
3376,5,1,1959,4,793663.3929479822
3016,3,1,1982,1,568587.1806833468
1501,1,1,2022,2,355407.3696449773
943,1,3,2017,9,612045.9875726367
1150,1,2,1979,9,627275.0211061278
1086,5,2,1993,6,543428.9962045923
2606,5,2,2008,1,529840.913490766
1054,2,1,2021,3,354748.06041034847
4001,3,2,1952,4,864547.5364905728
4785,1,1,1967,1,776544.5326435445
2701,4,1,1956,6,783314.0883857405
537,1,3,1991,10,596266.1563703576
1494,3,1,1983,1,340035.5000357971
4324,1,2,1982,8,1058000.7911975817
2787,4,3,1994,4,690332.9393417673
3606,2,1,2004,9,1040580.6683423552
4971,2,3,1957,9,1224241.325048413
4677,4,2,1985,5,1027041.7364080396
1587,5,2,1989,3,479095.74465798703
2511,1,2,1993,10,908822.9845560223
2932,5,1,1984,10,1038923.8103663118
3121,4,2,2009,7,896903.6862558693
2538,5,2,1982,1,533505.203210193
2018,5,3,2019,2,497318.089921527
4341,1,2,2005,1,741639.3407492542
3625,4,1,1960,10,1118844.2637829243
2660,2,2,1975,6,746560.5030293757
863,4,2,2017,3,342436.7286810677
2770,4,3,1956,10,978119.5265972567
2770,1,3,1984,6,713729.149763636
2415,1,3,1962,9,830356.310031919
551,1,1,1958,10,589210.2901937895
3210,4,2,1960,10,1062830.256499677
2183,2,2,2022,7,707173.5230626917
3197,1,2,1974,9,958256.3295532379
3838,3,2,1987,3,792971.1255686188
3094,5,1,1950,7,917725.3949741866
2634,1,2,1961,1,459091.8173869133
1433,4,1,2006,5,538254.0091172853
2555,1,3,2002,6,696139.7911587273
2733,2,1,1980,7,798570.5857702962
4122,3,3,1977,1,723665.1150090818
2829,1,1,1968,5,685424.1738677797
4173,1,2,1992,3,815670.6645593492
3987,3,1,1979,8,1053715.373156248
4240,2,3,1953,4,891392.3418706463
4688,1,1,1998,4,936077.2277296217
2985,1,3,1957,7,839650.7959416923
946,2,2,1972,7,519932.2104113118
4688,2,1,1977,4,938984.6855341112
1933,2,1,1971,2,451612.92418170715
3202,1,3,1957,6,798390.4376809917
2791,1,3,2014,4,628013.9562522261
3055,4,1,1981,9,979991.8446685886
3016,4,1,2011,7,892609.0497949227
3987,5,2,1998,2,815713.193582569
4501,2,2,1967,1,769639.3341773915
4965,2,3,2019,4,983415.2846904348
879,2,3,1962,9,612139.6807132666
2139,3,3,2019,4,589521.4043789255
4710,1,1,1987,8,1128196.2413281712
660,2,2,1973,7,479419.46151156083
3432,5,1,1978,1,659632.9943819931
3318,4,3,1955,9,1025157.5414132108
1720,2,3,1953,4,502650.71198922384
2718,3,1,2018,4,674619.0605372908
944,1,3,1982,9,619396.5955275918
4318,2,1,1981,1,734137.0284419893
1931,4,1,1973,6,688044.7747854855
4607,4,3,1984,2,843596.5700510907
1828,4,3,2021,6,661959.4396141245
3449,3,3,1952,2,671095.0245052964
3106,4,2,2005,4,736007.1280333681
2986,2,1,2005,2,589278.2833435406
4632,1,3,2013,7,1063850.2333162948
1586,4,2,1974,8,703643.6074301298
4650,2,2,1998,3,878368.3830451254
3892,2,2,1962,2,740545.0527482907
3635,2,3,2011,2,695894.5498038463
3856,3,1,2001,9,1086804.559133079
1865,3,1,1986,4,535915.274713715
738,3,2,1996,5,416275.96267029305
4762,4,2,1989,6,1092380.0214575757
673,2,2,2001,3,302506.2491731437
3524,2,1,2000,3,725752.0810602575
4564,1,1,1968,8,1090041.8331540301
1338,1,1,1992,9,683710.2829059025
3400,3,2,1985,3,715037.7897252399
2950,1,2,2014,6,764764.8257242617
4484,1,3,1993,7,1045116.6000003685
1366,2,3,1997,1,296793.81006856123
3909,1,2,1975,9,1046292.3348118163
3513,1,2,2021,3,686340.5706962295
2192,3,3,1966,4,592892.6054090852
3959,4,2,1998,3,824235.4535735566
4804,1,2,1977,1,778793.2627872553
4811,1,3,1989,6,1039860.2991063664
3643,5,2,2020,1,702331.7730405751
4975,5,1,1993,7,1189401.1256130568
2453,1,1,1951,9,840729.7243129981
3537,2,1,1957,5,835833.1087835293
2833,1,1,1985,6,748027.024654864
2358,5,1,1986,9,906227.9992246093
4442,2,2,2005,10,1198422.0426347533
3743,2,2,1997,2,713440.3402489083
2343,3,2,1985,7,758118.0344036034
656,4,1,2014,9,632341.9302420769
3849,3,3,1998,1,671975.7224872584
1787,5,2,2002,2,469410.5444867658
1119,4,1,1960,2,348299.2088147312
3053,3,1,1967,8,916682.8344412765
653,3,1,2005,5,412419.81870846014
3287,3,3,1998,5,812063.8691655357
3308,3,2,1964,9,1022671.2115504254
2745,4,1,1967,6,781195.3502600302
1787,1,2,2010,6,598259.1983888625
4782,1,1,2016,7,1067004.2949784973
3562,4,1,2020,4,808003.2444951449
3074,4,3,1966,8,916891.7271961917
2348,1,3,1985,2,477812.5488553707
3185,4,1,2016,9,1009094.3053237677
3171,5,1,2003,5,819909.3946262432
1111,2,2,1952,3,355607.994148322
3413,2,2,2013,4,761611.8127274037
4669,1,3,2022,3,876089.2034583703
536,4,3,2011,2,275084.76012434636
2966,5,1,1969,8,947557.6608168925
4535,5,2,2008,1,826883.7842121773
4522,5,1,1983,6,1080162.59601926
2785,5,2,1950,8,928990.259655972
3380,2,1,1961,4,742304.5219273503
3313,5,2,1983,2,675196.7589704759
1048,4,1,1982,2,340281.9849253155
2426,1,3,1995,4,595751.7748996614
3785,4,2,2003,4,854108.1785892495
2587,3,2,1965,3,614264.4909683309
4359,3,3,1993,4,926746.6454227546
1936,4,2,1991,10,865786.0620056684
717,1,3,1956,5,362913.16584186157
1065,1,2,2022,4,388969.73555069836
3088,5,2,1985,7,895890.8543807132
715,3,3,1998,4,355362.05528625165
4056,3,3,1996,8,1072374.3915220138
2661,2,3,1983,3,582013.6752281148
1276,5,1,1974,8,680244.6215325897
4096,2,1,1968,8,1041167.1401220848
1840,2,1,1965,7,653561.5731522108
553,2,1,1975,1,176963.7845596066
1465,1,3,2011,4,430699.5099633015
4880,2,3,2005,5,1014569.1932606901
1814,3,1,2017,4,537942.639330709
3423,2,1,1993,5,818413.8160473106
804,2,1,1999,3,303997.6974449979
3923,2,2,2022,1,673060.6101483819
2202,3,2,1961,7,732771.8926770504
3508,2,1,1972,4,763304.2185670775
1520,1,1,1976,3,408556.52472426405
3815,5,3,1968,9,1099393.3548458808
2828,3,3,1953,7,847831.4138918546
3537,1,1,1993,4,750018.5272204087
802,2,3,1992,3,305250.3520668406
651,3,2,1985,3,314279.1458563607
3370,3,2,1953,3,714523.280142452
1689,1,1,2014,1,332036.90022135625
575,1,3,2006,7,452929.63052930846
3773,1,1,1990,7,935302.725947557
4029,5,1,1993,9,1127212.8003216193
1711,4,3,1961,8,721722.6191469558
1875,2,1,2014,2,427210.88719787693
4808,3,1,1980,10,1286368.2165622618
4956,5,1,1972,4,1060891.9699228902
4261,4,3,2003,3,867010.1122098148
3806,5,1,1966,3,822485.8949356406
1351,4,1,1956,9,733820.6515341832
1603,5,3,1956,1,402757.2466426809
2899,3,3,1958,5,761990.1197589069
3919,1,2,2019,1,648126.8631431694
3844,2,3,2010,4,820156.6838001207
916,3,2,1971,10,688684.0565620965
4131,3,1,1998,6,981761.4391371263
534,3,2,1995,8,546734.5030643279
2723,4,2,1960,10,988143.7699061875
1229,2,3,2017,8,611637.1768536716
3775,4,2,2017,2,725717.9092382877
3691,1,1,1972,4,784698.0271679384
1750,3,3,1994,7,681798.7496969955
4693,5,2,1992,5,1050982.2024873763
4375,5,1,2015,1,815163.6682271305
730,1,2,1952,8,530877.9112177847
967,5,3,2011,3,389323.7713523804
3033,4,3,1996,5,783773.5725096228
3670,1,2,1955,2,645276.8563021173
3051,5,1,1973,8,951168.2880408524
2614,1,1,1970,1,458355.32501553843
1791,3,2,1966,2,434064.8254380581
2614,4,3,2020,8,878858.5870392261
3234,4,1,1954,5,810200.1178147951
1823,3,2,1981,4,533090.3545054113
2392,5,3,1967,6,760160.3788905409
1404,2,3,1985,7,609064.70990664
4815,4,3,1960,2,907421.8629730481
4599,3,1,2018,3,891003.4853312484
595,4,1,2010,3,324920.9879416737
2547,1,2,1992,9,864245.2262436784
828,3,3,1955,9,634460.6559059863
1608,4,3,1993,4,530501.0019860456
955,1,3,1956,5,397740.20636117045
2008,4,2,1973,6,694758.7953195664
1149,4,2,2022,6,544732.1223974006
3952,3,2,1967,5,897225.1794706392
4439,2,3,1958,3,865798.4859214554
4769,5,1,1975,7,1176446.7331261663
1461,5,1,2000,3,478560.8689768282
4651,4,2,1984,6,1074115.5725679041
876,2,1,1993,5,412263.4117974207
3393,5,3,2019,3,754151.4027885912
1014,1,3,1999,3,337214.10714242846
2273,4,1,1964,8,831818.2126020053
1002,3,2,1978,10,708965.1171740439
2201,4,1,1981,3,558768.5350027677
4123,5,3,2022,8,1125349.1258522582
1903,5,1,1982,7,730783.6809454854
4977,5,1,1958,6,1140580.8668124685
2608,1,2,1984,3,573473.9556248384
1651,2,1,1988,3,447013.5730505993
3702,5,1,1972,5,888443.0315187098
2340,1,1,1973,2,465771.44393272704
3639,3,1,1955,2,706927.9590612205
2944,2,1,2013,7,829878.067025335
4784,3,3,1986,8,1176339.9746801145
3010,1,2,1970,7,819848.4794340631
4823,2,2,1987,7,1116383.8860042472
2645,1,1,1954,3,572932.8220654273
2453,2,1,1994,9,860385.396997771
2413,2,1,1974,4,605933.5266336342
2739,2,2,1979,2,563510.028579077
3136,1,1,1980,5,757539.1250677303
4176,2,2,2004,7,1014265.9698321335
3347,4,3,1978,1,639083.385275684
3856,5,1,1999,3,811305.4104083471
4962,4,2,1954,7,1172466.6822302854
4394,2,2,1981,5,932467.8366075945
3719,3,2,1969,10,1142142.2690176102
2623,4,3,2018,1,525402.0626906911
887,3,1,1960,3,331132.6213410495
3938,2,1,1976,6,942940.3061274566
3051,1,2,1992,5,734968.7433380516
4785,2,2,2021,10,1253138.8584760593
1981,5,2,1994,7,730975.002822926
1669,1,3,1977,8,664252.4469531651
1788,2,3,2009,2,412236.0029141738
2899,3,2,2014,5,735577.1757259902
2130,4,3,1989,2,472083.9169700711
3741,3,1,2013,4,836263.8960694299
694,5,2,1976,10,722700.2797124186
4942,1,1,1998,7,1107541.2958508881
4049,5,2,1971,7,1051825.0365611808
1695,4,1,2022,4,530338.1162866005
2194,2,1,1956,5,608745.1071690675
2792,3,1,1976,5,739652.7098209077
2821,2,2,1967,1,513867.71148859215
4608,1,2,2002,9,1143622.2859495222
3164,1,1,1983,6,794513.8858334392
1531,2,3,1985,1,308093.21479869925
4945,5,3,1964,1,897795.8409687817
2834,4,1,1983,6,802639.9766992943
1646,4,2,1961,4,522656.4628515707
2353,3,3,2021,9,868202.1108141118
1162,2,3,1962,6,530960.3062751967
3801,4,1,1980,9,1107053.3681265893
4426,3,3,1999,7,1080015.0607565844
540,5,2,1967,9,629288.892423246
2039,5,1,1968,7,760982.163130278
2616,5,2,2020,8,891828.4704337263
1346,2,1,1984,4,450258.8343731327
4316,1,3,1994,9,1110539.7493410571
3239,4,1,2018,10,1058381.8162533883
3060,5,3,1997,7,909531.4592612839
1461,3,2,1968,1,319964.8442236738
1278,3,1,1964,8,665734.7334432459
4420,5,3,1977,4,971667.3212347104
4236,5,2,1998,10,1230931.2687298276
1570,3,2,1970,3,439042.59847901086
4222,3,1,1956,2,775366.4114238066
3363,4,3,2006,1,643764.5106666364
3250,2,1,2014,1,570312.6268064
801,5,3,1968,8,624941.4977456105
2204,2,1,1986,9,804346.8500412102
1825,4,2,1982,3,493750.6593838972
4483,2,3,1977,9,1169195.4810817796
3073,1,1,1950,9,934603.543756554
3337,1,2,2000,9,960978.6004111187
1262,3,3,1956,1,303407.5072238697
1606,1,1,1964,4,465153.596796213
1921,1,1,2016,3,449350.71626399615
1479,3,2,1955,5,527975.6061483467
1888,2,3,1961,7,667528.3653629513
4600,3,2,1978,1,800975.285303501
1820,2,1,1962,7,665264.0164930831
2618,1,1,1989,9,849143.0568361065
1973,2,3,1987,5,590124.6272031112
1836,2,1,2011,6,634203.8212571669
2065,1,1,1962,4,536461.998674404
523,4,3,1989,3,297682.53585595853
2941,5,3,1973,4,741302.8992294576
1552,2,1,2008,7,618816.8332774795
1520,2,1,1961,1,334067.29751444364
4800,1,1,1981,8,1137984.550892069
4716,3,2,1995,6,1062595.4727307074
1505,2,3,2004,3,426770.17192934774
1413,4,3,1972,1,328165.88251499436
1894,5,3,2017,1,437707.1167321192
1524,5,2,2006,6,635166.250423931
4902,3,1,2010,5,1073866.1413189264
1138,2,1,2017,8,631146.8798338737
908,4,3,1961,6,512605.7439711341
1709,5,3,1965,10,851816.1976603678
1591,4,1,1957,10,834631.5172248288
1421,2,2,1978,7,610131.1019795026
2236,3,1,1966,5,642511.2813499003
1482,3,2,2004,5,534171.517655344
4226,2,2,2021,9,1115581.3957856055
3020,3,2,1984,1,555222.725498493
3928,4,1,1985,6,959920.4461291678
4221,4,3,1991,2,805250.0048932419
2283,2,1,1965,2,467685.43525192264
4068,1,3,1993,2,727593.9798046995
1435,2,1,1956,6,548501.4809976777
1557,2,2,2000,5,519085.2894531654
4782,5,2,2019,8,1208752.272967642
4489,1,1,2017,2,805231.8204914003
3472,2,2,1981,3,710934.4179903002
1295,4,1,1982,5,526428.5585415033
2108,4,3,1970,9,856283.4347627673
949,1,3,1998,1,222329.83427099723
1202,4,3,1975,6,557833.1596953962
644,1,2,1952,3,273360.8517894159
4069,3,3,2010,4,873352.4854802032
2289,2,3,2005,8,792381.8676676659
1266,1,3,1979,4,394036.3110127015
2390,5,1,2014,4,650449.5551911367
1939,2,1,1979,9,784487.3020964712
1415,4,1,1992,2,388279.8850891996
4044,5,2,2011,9,1163695.040146762
912,5,1,1952,5,483037.49956851423
3938,5,3,1957,4,902556.4262347904
1303,2,2,1999,6,526814.5633930491
4758,2,1,1956,2,866071.9273259979
4339,5,3,1970,8,1142344.5462911925
1391,4,1,2016,3,455487.5977017117
1212,4,3,2002,4,467484.5523169964
2208,4,1,2014,9,854906.6235489865
4875,1,2,1960,9,1201240.4167579506
2547,4,2,2012,4,671452.3203080964
1537,3,1,2013,7,632006.3438027499
4446,3,2,1953,8,1121279.7756107189
4204,3,3,1984,2,799481.532992186
1343,3,2,1976,3,420831.96181816654
2701,5,2,1980,6,799162.4225986318
4880,3,2,1988,5,1024887.4286757163
3527,5,2,1961,10,1129271.9696259282
4932,2,3,2011,1,830618.919346799
2708,1,2,1980,2,524373.9097120026
4631,1,1,1990,2,786453.2252579326
2811,3,1,1965,3,630625.3675322791
3620,4,1,2016,10,1149414.9692396414
2215,5,3,1971,9,884447.9695221608
3487,3,1,1985,4,780040.5959719437
2549,3,2,1951,6,737165.8796279943
2891,1,3,2009,3,598791.9968604585
2169,4,3,2013,8,797918.4108288963
4918,1,2,2007,3,895626.6007495228
685,1,1,1983,4,319978.6237998245
3890,3,3,1999,8,1037240.6885892169
3823,2,3,2017,6,921516.016014545
3716,3,1,1980,10,1127777.0110914246
4961,4,1,1958,8,1226019.3792628157
3056,4,1,1990,9,995054.224049335
3346,5,2,1961,4,816696.8618549207
1878,3,2,2004,3,475804.77708543075
1283,2,1,1952,2,343998.1707294209
3676,1,1,2020,7,939131.4291136446
4506,3,1,2014,6,1037194.0482642062
1384,3,1,1950,8,664334.7908084802
645,3,3,1987,3,302048.58389085595
4421,1,2,1989,1,733001.9429602746
1359,3,3,2001,3,404771.760925938
3703,4,1,1976,4,835683.1811069493
1616,3,3,2007,10,797896.3096511067
1124,3,3,1997,10,731280.8270642469
1203,3,3,1990,8,645085.6483930971
4258,2,2,1957,9,1142868.0574725321
2783,3,1,2018,8,875651.3630794381
4780,2,1,2016,2,848073.9123789144
3646,5,1,2017,3,793498.2986715287
3771,2,2,1988,9,1054553.9338424406
4806,1,3,2003,6,1044501.6316931667
597,4,3,2017,3,316182.49587235146
3433,2,2,2001,5,808233.0200124196
4884,5,2,1952,3,983839.2623186617
4378,4,1,2014,7,1098355.0116386127
3593,2,2,2009,5,814994.6675196767
4224,4,3,2002,7,1040947.7299156209
2552,5,1,1989,4,690245.8031437554
2073,4,3,2011,10,884348.9034071304
3997,3,1,1961,9,1107802.3613548554
1332,5,2,1991,3,444974.16027286515
1318,3,2,1958,9,704675.2252449692
3312,3,1,2004,9,1005770.1925056211
1573,4,1,1962,8,716287.6257883928
1601,1,2,1972,5,499784.14446820406
3419,3,2,1971,4,766621.7562885099
1976,5,1,2009,10,896947.5779880632
4307,1,2,2010,7,1015890.8032126076
3416,5,3,1956,7,957299.7483607039
2141,5,3,1968,6,720201.3461095998
2675,1,2,2012,9,862466.5330007675
2558,4,1,1966,9,914217.576088986
2885,3,2,1965,7,844619.0335062334
4422,2,3,1972,2,792229.1290983435
2633,3,3,2006,6,753403.8763091833
4340,2,2,2004,1,737050.789527557
546,3,2,1987,3,307351.6740981441
4912,1,3,1963,4,975499.5056193754
1417,3,1,2011,7,595665.4952633223
4499,2,2,2006,2,812667.2166723064
1561,2,1,1976,4,467923.5528224581
2429,2,3,1950,5,647633.4773915462
3499,4,1,1995,3,761983.3403781804
2043,4,3,1994,3,540730.1690909483
1248,1,2,1990,6,515286.5871706466
913,1,1,2016,10,667234.2887737199
1608,1,2,2013,1,319345.31335197453
4577,2,2,1990,5,975520.7237617411
3712,5,1,1976,7,1018354.0164610795
2662,5,2,1976,5,746162.2327276097
2388,2,3,2012,8,802954.596917201
2891,1,1,1981,4,669174.2955299292
1145,5,2,1960,9,716402.225057684
1192,5,2,2001,2,378393.55761641834
3369,1,3,1983,7,862481.6526836631
2137,4,1,2019,9,833765.2578047279
3916,5,1,1991,10,1190664.9897608499
3035,2,1,1951,1,546982.6059475635
4341,2,1,1956,2,796509.0955949022
2632,5,2,2008,2,592339.2391061371
3629,5,1,1964,5,888286.7055207143
1519,1,1,1963,2,343615.04655538977
3256,5,3,1993,9,1042565.2571672145
3590,1,3,2008,8,972191.5687660653
4860,5,1,2020,1,879646.5979224866
2134,3,2,1976,8,768374.4065726683
2194,4,2,1981,10,909562.8616785462
827,4,1,2007,10,706754.0796070998
2199,1,1,1977,1,410813.7651997396
3839,2,2,1973,8,1008150.1954749579
989,3,3,2012,1,265938.50721318094
3261,5,1,1986,5,843594.535712168
1430,1,2,2016,8,640158.349661133
797,2,1,1954,1,215631.19432586673
998,2,1,1963,3,342442.96517993894
2546,3,3,1997,3,581673.9483039151
3872,3,3,1958,6,940918.8514157828
2114,5,1,1966,7,776364.6893750074
1025,5,3,2021,4,465510.2524176657
500,5,3,1951,7,516620.0346587432
1599,3,3,1970,1,341887.9908252382
3023,4,3,2013,10,1029890.8333385757
2401,1,3,1950,1,416373.30522858375
3111,5,2,1975,9,1030800.6700238066
4350,3,2,1958,5,965837.3781098651
1149,5,3,2022,1,298335.54126138584
887,2,1,1997,6,453836.0585963975
1273,4,2,2014,10,760136.357905538
1590,3,1,1974,8,707316.8664455132
4185,4,2,2012,1,764920.479287047
3146,2,1,1966,9,961777.851316071
3583,4,1,2015,5,872219.680695492
3455,3,3,1979,8,997849.4884549021
1220,2,3,1988,8,629998.3881779168
4864,1,2,1997,1,782516.0329876591
1846,3,3,1956,4,529281.2702610457
3648,1,3,1958,9,1013921.159238404
1646,5,2,1983,5,588034.9375614569
4804,2,2,1970,6,1062553.5409241312
1860,3,1,1960,9,807368.6154768616
4301,2,1,1988,8,1093536.38467203
4903,4,1,1960,7,1172410.6393230078
3357,4,1,1965,2,682573.9409865664
3192,3,1,1979,10,1042215.3660079597
4073,3,2,1960,5,907608.3102438555
4274,5,2,1976,5,980708.9463404428
3815,2,2,2017,9,1072936.154280781
4237,2,2,1966,9,1139560.0055418126
3280,4,3,1974,1,634990.4652905887
3693,4,1,1965,4,839006.1689819205
938,1,1,2022,1,217400.7552112476
1410,3,1,1965,10,771742.846239219
3185,2,3,1993,9,966953.0646940634
4636,2,3,2017,5,972657.922960157
2859,1,3,2010,9,901265.9977837392
4873,5,3,2008,2,925082.2742750046
1522,1,3,2009,8,667380.433416055
3647,5,3,1955,7,996477.367434985
3530,4,1,1991,2,705647.5910699569
4566,3,2,1987,4,936057.7550407199
4746,5,3,2014,9,1283261.6268436199
1623,4,3,1997,2,414017.8666029802
673,2,1,2014,4,338070.6256533409
2835,3,1,2003,10,989700.3678988335
4196,2,1,1980,4,860172.633985619
3115,5,3,2020,10,1065650.9371029546
970,3,1,1996,10,698295.2808988242
782,3,3,1999,4,399110.33213775017
1261,1,2,1989,7,563973.5601672231
2021,4,1,1961,4,570128.9883256395
2963,5,2,1957,3,704284.4615054543
3389,3,3,1975,7,918314.3644610781
3533,3,2,1991,8,983569.831709343
624,2,2,1995,7,484677.2602411864
2686,2,3,2008,10,942815.5960718712
3232,2,2,2006,5,774730.7817200823
3418,3,1,1955,6,878061.9773379439
1053,3,1,1963,9,667560.7319500872
1967,4,3,2001,4,574711.761018741
3217,3,2,2014,5,790969.9014817688
3749,3,3,1950,10,1118029.1475266065
1694,5,2,2011,2,466769.93058734614
2375,1,3,2008,2,480010.12548283924
2861,1,2,1964,9,893847.9876210896
2570,5,2,1993,5,743716.4337867831
2410,1,3,1978,1,440057.20102404366
3949,5,2,2005,5,939364.490359306
4184,4,2,2022,9,1156958.7943355069
593,5,3,1953,3,324107.6415185097
4075,4,2,1967,4,891689.0375329399
2571,4,3,1979,6,774233.0522255548
3484,4,3,1995,6,897041.4516029862
918,1,1,2012,2,243215.1328791045
4118,5,2,2022,5,952863.7864853862
4706,2,1,2009,3,903134.0365574982
1683,5,1,2013,9,813559.0547253094
1541,3,1,2020,6,592286.7047215066
3456,4,3,1981,1,649345.1587359285
3904,5,2,2013,10,1174026.9234342363
4972,5,3,2006,6,1143714.1988545298
3136,3,1,1980,10,1020964.0174380417
785,3,2,1985,7,519332.9759031969
3473,2,3,2007,4,739617.7763215554
4874,5,1,1985,10,1340541.3486578423
1535,4,2,1985,8,707687.9236171432
2018,3,2,1989,9,815252.6401187818
1862,1,1,2021,6,592449.9513722517
1387,2,1,1985,7,594669.2196038776
2841,2,3,1969,3,624077.171609389
1069,2,1,1988,10,708315.4977567444
1370,2,3,1987,8,649247.907854247
907,1,1,2003,6,470854.39660681516
4878,3,2,2010,1,831489.4192973039
4917,5,2,2012,6,1141835.307191013
1165,3,1,1997,2,338548.90702038055
1282,3,1,1998,1,308861.2070556741
4321,4,1,1965,6,1013525.0138024735
4770,1,3,1991,4,946032.9587199935
3390,1,2,1980,5,776017.489810658
1718,1,2,2014,8,671347.3080445492
4014,3,3,2020,8,1064469.8256338346
